[{"id":1,"title":"Role of youth in Social democracy and Nepali politics","description":"An interactive program focusing on the role of youth in social democracy and Nepali politics was conducted in Kathmandu, Pokhara, Palpa, and Jhapa. The program brought together young leaders from various political parties and local leaders who are actively engaged in the socio-political field. The program aimed to facilitate meaningful discussions and exchange of ideas among these emerging leaders, exploring their perspectives on the role of youth in promoting social democracy and contributing to the political landscape of Nepal.","image_url":"/assets/images/15.jpg","category":"activity","date":2011,"status":1},{"id":2,"title":"Land reform in Nepal : Six decades of debates","description":"An interactive program on the topic of six decades of land reform debates in Nepal was conducted in Kathmandu, Kailali, Doti, and Jhapa. The program brought together political leaders, journalists, land rights activists, and various stakeholders to engage in meaningful discussions. Constituent Assembly members, Nepali Congress youth leaders, land rights activists, representatives of political parties, journalists, and other stakeholders actively participated in the program, which included both interactive sessions and on-site visits. The program aimed to foster dialogue and exchange of ideas regarding land reform in Nepal, involving key stakeholders from different sectors and perspectives.","image_url":"/assets/images/14.jpg","category":"activity","date":2015,"status":1},{"id":3,"title":"Haliya research","description":"Public Policy Pathshala, in collaboration with Mukta Haliya Mahasangh and the Agricultural and Water Resources Committee of the Parliamentary Committee, undertook an extensive field study and conducted interactive sessions in the districts of Jajarkot, Surkhet, Darchula, Baitadi, Doti, and Dadeldhura. Additionally, in Kailali and Kanchanpur, field studies, in-depth discussions, and interactive sessions were conducted with various stakeholders, including the chair and members of the Agricultural and Water Resources Committee, Mukta Haliya Mahasangh, and the team from Public Policy Pathshala.","image_url":"/assets/images/13.jpg","category":"activity","date":2016,"status":1},{"id":4,"title":"Public Policy Dialouge on Public Finance","description":"Public Policy Pathshala organized a public policy dialogue centered around the critical topic of Public Finance, with a specific emphasis on the budget. Esteemed Public Finance expert, Jagdish Bhattarai, delivered an insightful presentation during the event, shedding light on key aspects and intricacies of the subject matter. The dialogue further featured engaging discussions involving prominent figures such as Gagan Thapa and renowned economist Dr. Bishwo Poudel. Their expertise and perspectives added depth and nuance to the discourse, providing attendees with a comprehensive understanding of the challenges and opportunities in the realm of public finance.","image_url":"/assets/images/12.jpg","category":"activity","date":2016,"status":1},{"id":5,"title":"Policy Dialouge on Local Health Governance in Gandaki Province","description":"A comprehensive multi-sector policy dialogue addressing the issues of local health governance was successfully organized in Pokhara in March 2018. The event witnessed the active participation of officials from more than 40 local governments, including Regional Director for Health (now known as Provincial Health Directorate), district level health officials (now known as Provincial Health Office), and esteemed health sector experts. The primary objective of the dialogue was to delve into the challenges posed by the federal transition in the health sector.","image_url":"/assets/images/16.jpg","category":"activity","date":2018,"status":1},{"id":6,"title":"A Natural Resources and Constitution: workshop on role of Local Governments and Representatives in the context of Federalism","description":"A significant workshop was successfully concluded across four provinces, namely Madhesh Province (Simara), Gandaki Province (Kawasoti), Lumbini Province (Kohalpur), and Sudur-Paschim Province (Mahendranagar). The workshop brought together a total of 46 local government chiefs, deputy chiefs, and subject matter experts, all of whom engaged in insightful discussions and knowledge sharing. The primary focus of the workshop was to address the constitutional provisions pertaining to natural resource conservation and management, with a specific emphasis on the role of local government within the federal structure.","image_url":"/assets/images/11.jpg","category":"activity","date":2018,"status":1},{"id":7,"title":"An orientation to local governmental bodies of Madhesh Province on newborn care","description":"In 2075 BS, a comprehensive workshop was conducted in eight districts of Province No. 2, namely Bara, Parsa, Rautahat, Siraha, Sarlahi, Mahottari, Saptari, and Dhanusha. The workshop brought together a diverse group of 136 local government chiefs, deputy chiefs, and subject matter experts. The primary focus of the workshop was to shed light on the constitutional provisions concerning newborn care and safe motherhood, emphasizing the crucial role of local government in this regard. The workshop provided a platform for insightful discussions, knowledge sharing, and capacity building, fostering a deeper understanding of the subject matter among the participants. The event served as a catalyst for strengthening efforts towards enhancing newborn care and ensuring the well-being of mothers within the respective districts.","image_url":"/assets/images/10.jpg","category":"activity","date":2018,"status":1},{"id":8,"title":"Public Policy Dialogue on “Pertinent Issues and Challenges of Public Health","description":"In the wake of the endorsement of the Public Health Service Act, Public Policy Pathshala (PPP) and DFAT-TAF jointly co-hosted a highly significant Public Policy Dialogue on \"Pertinent Issues and Challenges of Public Health\" in 2018. This dialogue brought together key stakeholders, policymakers, experts, and practitioners from the public health domain to engage in thoughtful discussions and deliberations. The aim of the dialogue was to address the pressing issues and challenges faced in the field of public health and explore potential solutions.","image_url":"/assets/images/9.jpg","category":"activity","date":2018,"status":1},{"id":9,"title":"Social Movement for Quality Health in Nepal","description":"A Public Policy Dialogue under the theme of \"Social Campaign for Quality Health\" was jointly organized by Public Policy Pathshala (PPP) and the Lancet Global Health Commission. Esteemed participants from various sectors including Nepal's political, social, and public health spheres attended this dialogue. The distinguished attendees included Margaret Kruk, an esteemed associate professor at Harvard University, senior human rights activists, parliamentary members, senior health professionals, public health experts, development partners, and esteemed experts from the health sector. This dialogue served as a valuable platform for exchanging ideas, insights, and recommendations towards advancing the cause of quality health in Nepal.","image_url":"/assets/images/8.jpg","category":"activity","date":2019,"status":1},{"id":10,"title":"Public Policy Dialogue on “Procurement Reform in Health Sector”","description":"On 1st August 2019, Public Policy Pathshala (PPP) and The Asia Foundation jointly organized a significant Public Policy Dialogue on \"Procurement Reform in the Health Sector\" at Hotel Shangrila in Kathmandu. The primary objective of this dialogue was to deliberate on the Public Procurement Act and address the implementation challenges related to the procurement of medicines and equipment within the health sector. Esteemed participants included health procurement experts, members of parliament, local governance experts, donor representatives, civil society members, and other key stakeholders. The dialogue served as a platform for in-depth discussions, knowledge sharing, and collaboration towards enhancing the procurement system in the health sector.","image_url":"/assets/images/7.jpg","category":"activity","date":2019,"status":1},{"id":11,"title":"Launch of the report on The Lancet Global Health Commission on High Quality Health Systems in the SDG Era","description":"Public Policy Pathshala (PPP) in partnership with the Ministry of Health and Population (MoHP) of Nepal successfully hosted the launch event for the report titled \"The Lancet Global Health Commission on High Quality Health Systems in the SDG Era\" on 6th June 2019 in Kathmandu, Nepal. The distinguished event was graced by the presence of Honorable Upendra Yadav, Deputy Prime Minister, and Chair of the Lancet Global Health Commission, Dr. Margaret Kruk. The official launch of the report marked an important milestone in advancing discussions and actions towards achieving high-quality health systems in the context of the Sustainable Development Goals (SDGs).","image_url":"/assets/images/6.jpg","category":"activity","date":2019,"status":1},{"id":12,"title":"Public Policy Dialogue on Newborn Health in Madhesh Province","description":"A provincial-level public policy dialogue was successfully organized in Janakpur to facilitate the sharing and discussion of findings derived from a series of consultations with local governments in the Madhesh province on newborn health. The esteemed participants of this dialogue included the Principal Secretary of the Madhesh Province government, the Secretary for the Ministry of Social Development, the Director from the Province Health Directorate, representatives from local governments, development partners, and distinguished experts from the health sector. This collaborative program provided a valuable platform for exchanging insights, experiences, and recommendations to further enhance newborn health initiatives in the province.","image_url":"/assets/images/5.jpg","category":"activity","date":2019,"status":1},{"id":13,"title":"Policy and implementation challenges in the national health insurance programme","description":"Public Policy Pathshala (PPP) and Anweshan collaborated on a policy research endeavor titled \"Addressing Policy and Implementation Challenges in the National Health Insurance Programme.\" This research aimed to examine and assess the key challenges encountered during the implementation of the national health insurance program.","image_url":"","category":"activity","date":2019,"status":1},{"id":14,"title":"Drafting prototype and model biodiversity acts and biodiversity standards by organizing two workshops for local governments-central cluster","description":"In collaboration with World Wide Life Fund (WWF) Nepal and the Ministry of Federal Affairs and General Administration, Public Policy Pathshala (PPP) successfully implemented the project titled \"Drafting Prototype and Model Environment and Natural Resources Act for Local Governments.\" As part of this initiative, PPP drafted and finalized the Model Environment and Natural Resources Act, incorporating valuable feedback from 18 local governments. This consolidated model act serves as a comprehensive framework to guide local governments in effectively managing and conserving their environment and natural resources.","image_url":"/assets/images/rich-biodiversity-in-nepal.jpg","category":"activity","date":2019,"status":1},{"id":15,"title":"Workshop on constitutional provisions in health and federalism","description":"In collaboration with the Association of International NGOs in Nepal (AIN), Public Policy Pathshala (PPP) organized an insightful \"Orientation Workshop on Constitutional, Legal, and Policy Provisions on Health and Practical Implications in the Context of Federalism\" for members of the AIN Health Group. This workshop served as a platform to enhance the participants' understanding of the constitutional, legal, and policy aspects related to health in the federal context.","image_url":"/assets/images/4.jpg","category":"activity","date":2019,"status":1},{"id":16,"title":"Supporting selected Local Government in preparing draft of Local Environment and Natural Resources Conservation Act","description":"In close collaboration with the World Wildlife Fund (WWF), Public Policy Pathshala (PPP) provided essential support to selected local governments in drafting the Local Environment and Natural Resources Conservation Act. This significant initiative aimed to enhance environmental and natural resource conservation at the local level.","image_url":"/assets/images/3.jpg","category":"activity","date":2020,"status":1},{"id":17,"title":"Training on Constitution, legislation and policy provisions in health sector in federal context","description":"Public Policy Pathshala (PPP) facilited the discussion session on Constitutional, legislation, and Policy Provisions in the health sector within the context of federalism in collaboration with Strengthening Systems for Better Health (SSBH).","image_url":"","category":"activity","date":2020,"status":1},{"id":18,"title":"Study on status of returnee labour migrants during COVID-19","description":"PPP undertook a comprehensive research study on returned labor migrant workers in collaboration with Rural Enterprise and Remittance (RER)/SAMRIDDHI and The International Fund for Agricultural Development (IFAD). This research aimed to delve into the experiences and challenges faced by migrant workers upon their return, with a particular focus on the rural enterprise and remittance sectors.","image_url":"","category":"activity","date":2020,"status":1},{"id":19,"title":"Orientation on Constitutional, legal and policy Provisions on Health and Practical Implications in the context of Federalism","description":"Public Policy Pathshala (PPP) had the privilege of facilitating an orientation session on Constitutional, legislation, and Policy Provisions in health, along with their practical implications in the context of federalism. One Heart Worldwide (OHW), and it provided an opportunity for OHW staff members to enhance their understanding of the legal and policy framework surrounding healthcare.","image_url":"/assets/images/2.jpg","category":"activity","date":2020,"status":1},{"id":20,"title":"Review of Provincial and Municipal Health Policies, Acts and regulations","description":"In collaboration with Strengthening Systems for Better Health(SSBH), Public Policy Pathshala conducted a comprehensive review and offered valuable legal, policy, and health inputs for the development of Karnali provincial and municipal-level health policies, acts, regulations, and guidelines.","image_url":"","category":"activity","date":2022,"status":1},{"id":21,"title":"Strengthening Local Health Governance","description":"Since 2018, Public Policy Pathshala has been diligently providing policy assistance and facilitating selected local governments in partnership with The Asia Foundation, with a primary focus on strengthening local health governance.","image_url":"/assets/images/1.jpg","category":"activity","date":2022,"status":1},{"id":22,"title":"A review of the social protection policies and responses in health in the times of COVID-19 crisis","description":"The overall activities for this project encompassed a multifaceted approach, beginning with extensive research that involved the review of international standards and local healthcare policies. Additionally, dialogues were strategically conducted at various levels, encompassing local, provincial, and federal domains, with each level facilitating in-depth discussions and feedback collection. These dialogues culminated in a comprehensive analysis of the existing healthcare protection measures. Finally, media dissemination was achieved through the publication of policy briefs and research reports, ensuring the findings and recommendations reached a wider audience and policy stakeholders, contributing to the enhancement of social health protection in Nepal.","image_url":"/assets/images/17.jpg","category":"activity","date":2023,"status":1},{"id":23,"title":"Public Finance","description":"A glimpse of the Pathshala debate Public Finance expert Jagdish Bhattarai was the presenter at the event, which was organized in the first week of May, focusing on the budget of the PPP debate. Gagan Thapa and economist Dr. Bishwo Poudel had a discussion.","image_url":"/assets/images/12.jpg","category":"policydialogue","date":2016,"status":1},{"id":24,"title":"Pertinent Issues and Challenges of Public Health","description":"Following the endorsement of the Public Health Service Act, Public Policy Dialogue on “Pertinent Issues and Challenges of Public Health”- co-hosted by PPP and DFAT-TAF- was organized on September 21, 2018.","image_url":"/assets/images/9.jpg","category":"policydialogue","date":2018,"status":1},{"id":25,"title":"Local Health Governance in Gandaki Province","description":"A multi-sector policy dialogue on issues of local health governance was organized in Pokhara on March 2018. Officials from over 40 local governments, Regional Director for Health (rechristened Provincial Health Directorate), district level health officials (rechristened Provincial health Office) and health sector experts actively participated in the province. The event focused on the challenges of federal transition in health sector.","image_url":"/assets/images/16.jpg","category":"policydialogue","date":2018,"status":1},{"id":26,"title":"Public Policy Dialogue on Newborn Health in Province 2","description":"A public policy dialogue at provincial level was organized in Janakpur on 6 March, 2019 to share and discuss on the findings from series of discussion with the local governments at province 2 on newborn health. Principal Secretary of Province No. 2 government, Secretary for Social Development Ministry, Director from Province Health Directorate, representatives from local governments, representatives from development partners and health sector experts participated in the program.","image_url":"/assets/images/5.jpg","category":"policydialogue","date":2019,"status":1},{"id":27,"title":"Procurement Reform in Health Sector","description":"A Public Policy Dialogue on “Procurement Reform in Health Sector” was organized on 1 August, 20019 at Hotel Shangrila, Kathmandu. The dialogue was co- hosted by Public Policy Pathshala and The Asia Foundation to discuss on the Public Procurement Act and its implementation challenges in procurement of medicines and equipment’s. The dialogue was attended by health procurement experts, members of parliament, experts on local governance, donor representatives, civil society members, and other stakeholders.","image_url":"/assets/images/77.jpg","category":"policydialogue","date":2019,"status":1},{"id":28,"title":"Social Health Protection in Epidemics and Disasters : An experience of COVID-19 and necessity of integrated Social health protection system","description":"The Federal level Policy Dialogue on issues social health protection in epidemics and disasters: The experience of the COVID -19 pandemic and the need for integrated social health protection. The dialogue focused on the social health protection system of Nepal. The richness of the policy dialogue was profoundly influenced by the participation of esteemed individuals from various sectors. Notably, Former health minister, Members of the House of Representatives, Government officials, Experts and Students.\r\nOn the provincial level, the dialogue was held on July 13, 2023, in Kathmandu and 30 October 2023 Lumbini, the dialogue was attended by Provincial members of Bagmati and Lumbini province and stakeholders.\r\nThe local level policy dialogue was organized on June 11, 2023, Hupsikot Rural Municipality and September 28, 2023, Ghoda Ghodi Municipality, to share and discuss on the findings from research with the local government within Hupsikot and Ghoda Ghodi. Municipal chief, deputy chief, ward chair, chief executive officer, health coordinator, health workers and others stakeholders participated in the program.","image_url":"/assets/images/s.jpg","category":"policydialogue","date":2023,"status":1}]
