[{"id":4,"url":"/assets/images/15.jpg","description":"Role of youth in Social democracy and Nepali politics","upload_time":"2024-06-11T12:38:56.183445505Z","size":70},{"id":5,"url":"/assets/images/14.jpg","description":"Land reform in Nepal : Six decades of debates","upload_time":"2024-06-11T12:40:54.832323869Z","size":71},{"id":6,"url":"/assets/images/13.jpg","description":"Haliya research","upload_time":"2024-06-11T12:42:47.58362962Z","size":167},{"id":7,"url":"/assets/images/12.jpg","description":"Public Policy Dialouge on Public Finance","upload_time":"2024-06-11T12:45:01.051351976Z","size":69},{"id":8,"url":"/assets/images/16.jpg","description":"Policy Dialouge on Local Health Governance in Gandaki Province","upload_time":"2024-06-11T12:47:02.947363334Z","size":121},{"id":9,"url":"/assets/images/11.jpg","description":"A Natural Resources and Constitution: workshop on role of Local Governments and Representatives in the context of Federalism","upload_time":"2024-06-11T12:48:34.415301938Z","size":122},{"id":10,"url":"/assets/images/10.jpg","description":"An orientation to local governmental bodies of Madhesh Province on newborn care","upload_time":"2024-06-11T12:51:10.767085301Z","size":132},{"id":11,"url":"/assets/images/9.jpg","description":"Public Policy Dialogue on “Pertinent Issues and Challenges of Public Health","upload_time":"2024-06-11T12:52:26.051144177Z","size":96},{"id":12,"url":"/assets/images/8.jpg","description":"Social Movement for Quality Health in Nepal","upload_time":"2024-06-11T12:54:31.876024126Z","size":123},{"id":13,"url":"/assets/images/7.jpg","description":"Public Policy Dialogue on “Procurement Reform in Health Sector”","upload_time":"2024-06-11T12:56:00.746388658Z","size":148},{"id":14,"url":"/assets/images/6.jpg","description":"Launch of the report on The Lancet Global Health Commission on High Quality Health Systems in the SDG Era","upload_time":"2024-06-11T12:57:30.812633829Z","size":93},{"id":15,"url":"/assets/images/5.jpg","description":"Public Policy Dialogue on Newborn Health in Madhesh Province","upload_time":"2024-06-11T12:59:40.532534558Z","size":106},{"id":16,"url":"/assets/images/4.jpg","description":"Workshop on constitutional provisions in health and federalism","upload_time":"2024-06-11T13:03:21.028771819Z","size":78},{"id":17,"url":"/assets/images/3.jpg","description":"Supporting selected Local Government in preparing draft of Local Environment and Natural Resources Conservation Act","upload_time":"2024-06-11T13:05:24.768584279Z","size":127},{"id":15,"url":"/assets/images/2.jpg","description":"Orientation on Constitutional, legal and policy Provisions on Health and Practical Implications in the context of Federalism","upload_time":"2024-06-11T13:11:40.150434864Z","size":114},{"id":16,"url":"/assets/images/1.jpg","description":"Strengthening Local Health Governance","upload_time":"2024-06-11T13:14:28.920891447Z","size":99},{"id":17,"url":"/assets/images/17.jpg","description":"A review of the social protection policies and responses in health in the times of COVID-19 crisis","upload_time":"2024-06-11T13:15:14.738510057Z","size":206},{"id":18,"url":"/assets/images/pratap-paudel.jpg","description":"Pratap Paudel","upload_time":"2024-06-12T15:55:13.622767871Z","size":161},{"id":19,"url":"/assets/images/biswo-poudel.jpg","description":"Dr. Bishwo Poudel","upload_time":"2024-06-12T17:22:53.61781387Z","size":70},{"id":20,"url":"/assets/images/dilliram-subedi.jpg","description":"Dilliram Subedi","upload_time":"2024-06-26T06:16:36.566028157Z","size":88},{"id":21,"url":"/assets/images/shankar-tiwari.jpg","description":"Shankar Tiwari","upload_time":"2024-06-26T06:19:51.165248648Z","size":82},{"id":22,"url":"/assets/images/pitambar-bhandari.jpg","description":"Pitambar Bhandhari","upload_time":"2024-06-26T06:21:14.177845825Z","size":89},{"id":23,"url":"/assets/images/renuka-poudel.jpg","description":"Renula Poudel","upload_time":"2024-06-26T06:23:58.717740933Z","size":94},{"id":24,"url":"/assets/images/dinesh-sunar.jpg","description":"Dinesh Sunar","upload_time":"2024-06-26T06:25:25.421001353Z","size":85},{"id":25,"url":"/assets/images/bigyapti-nepali.jpg","description":"Bigyapti Nepal\r\n","upload_time":"2024-06-26T06:27:37.620765344Z","size":188},{"id":26,"url":"/assets/images/rasmila-amagain.jpg","description":"Rasmila Amagain\r\n","upload_time":"2024-06-26T06:29:12.26195184Z","size":104},{"id":27,"url":"/assets/images/sudip-pokhrel.jpg","description":"Sudip Pokhrel","upload_time":"2024-06-26T08:00:32.061233365Z","size":75},{"id":28,"url":"/assets/images/santosh-mani-nepal.jpg","description":"Santosh Mani Nepal","upload_time":"2024-06-26T08:02:17.928524587Z","size":58},{"id":29,"url":"/assets/images/purna-nepali.jpg","description":"Purna Nepali","upload_time":"2024-06-26T08:04:01.476174404Z","size":75},{"id":30,"url":"/assets/images/amit-aryal.jpg","description":"Amit Aryal","upload_time":"2024-06-26T08:05:29.182665741Z","size":74},{"id":31,"url":"/assets/images/amit-aryal.jpg","description":"Dr. Amit Bhandari","upload_time":"2024-06-26T08:07:04.660374082Z","size":74},{"id":32,"url":"/assets/images/amit-bhandari.jpg","description":"Amit Bhandari\r\n","upload_time":"2024-06-26T08:08:02.184338612Z","size":77},{"id":33,"url":"/assets/images/volume-7.png","description":"bichar-bises-v7","upload_time":"2024-06-26T10:21:01.105712527Z","size":77},{"id":34,"url":"/assets/images/volume-5.png","description":"V5","upload_time":"2024-06-26T21:28:51.264867546Z","size":95},{"id":35,"url":"/assets/images/volume-3.png","description":"V3","upload_time":"2024-06-26T21:32:08.560611628Z","size":92},{"id":36,"url":"/assets/images/volume-2.png","description":"V2","upload_time":"2024-06-26T21:34:07.846945472Z","size":38},{"id":37,"url":"/assets/images/POLICY-BRIEF.jpg","description":"Policy Briefs\r\n","upload_time":"2024-06-27T04:57:04.716688062Z","size":154},{"id":38,"url":"/assets/images/samajik.surakshya.jpg","description":"महामारीमा सामाजिक स्वास्थ्य सुरक्षा","upload_time":"2024-06-27T04:58:36.518735473Z","size":1047},{"id":39,"url":"/assets/images/Nepal_Local-Health-Governance-Situational-and-Political-Economy-Analysis-Report_en-1.jpg","description":"Research on Policy and Implementation Challenges in the National Health Insurance Program","upload_time":"2024-06-27T05:07:22.202686364Z","size":76},{"id":40,"url":"/assets/images/Research_Report_SCI_Insurance_24.09.2020-1.jpg","description":"Nepal Local Health Governance Situational and Political Economy Analysis Report","upload_time":"2024-06-27T05:08:15.874729764Z","size":97},{"id":41,"url":"/assets/images/Research_Report_SCI_Insurance_24.09.2020-1.jpg","description":"Nepal Local Health Governance Situational and Political Economy Analysis Report","upload_time":"2024-06-27T05:08:16.176157276Z","size":97},{"id":42,"url":"/assets/images/page-title-bg-1.jpg","description":"title\r\n","upload_time":"2024-06-27T06:18:55.577416155Z","size":149},{"id":43,"url":"/assets/images/map.jpg","description":"Nepal Map\r\n","upload_time":"2024-06-27T06:40:16.986666615Z","size":110},{"id":44,"url":"/assets/images/logo.png","description":"logo","upload_time":"2024-06-30T07:37:19.852550319Z","size":8},{"id":45,"url":"/assets/images/5.jpg","description":"policy","upload_time":"2024-07-01T03:37:34.163324151Z","size":106},{"id":46,"url":"/assets/images/77.jpg","description":"policy\r\n","upload_time":"2024-07-01T03:39:58.862360106Z","size":148},{"id":47,"url":"/assets/images/bigyapti-nepal.jpg","description":"Bigyapti Nepal\r\n\r\n","upload_time":"2024-07-02T07:22:01.443267579Z","size":65},{"id":48,"url":"/assets/images/bigyapti-nepal-2.jpg","description":"Big","upload_time":"2024-07-02T07:23:01.301864489Z","size":65},{"id":49,"url":"/assets/images/Samita-Ghimire.jpeg","description":"Samita Ghimire","upload_time":"2024-07-02T07:29:54.090317236Z","size":11},{"id":50,"url":"/assets/images/bigyapti-nepal-3.jpg","description":"Bigyapti Nepal","upload_time":"2024-07-02T07:34:50.28515835Z","size":22},{"id":51,"url":"/assets/images/rasmila-khadka.jpg","description":"Rasmila Khadka","upload_time":"2024-07-02T07:38:37.417764049Z","size":32},{"id":52,"url":"/assets/images/sudip-pokhrel-2.jpg","description":"Sudip Pokhrel","upload_time":"2024-07-02T07:44:09.4079565Z","size":34},{"id":53,"url":"/assets/images/ruchesh-saud.jpg","description":"Ruchesh","upload_time":"2024-07-02T07:47:39.521581711Z","size":13},{"id":54,"url":"/assets/images/Sangita Bhattarai.jpg","description":"Sangita","upload_time":"2024-07-02T07:50:34.912410302Z","size":24},{"id":55,"url":"/assets/images/susmita-sharestha.jpg","description":"Susmita-Shrestha\r\n","upload_time":"2024-07-02T07:54:51.786459748Z","size":23},{"id":56,"url":"/assets/images/rich-biodiversity-in-nepal.jpg","description":"nepal","upload_time":"2024-07-02T08:08:05.832407508Z","size":320},{"id":57,"url":"/assets/images/s.jpg","description":"photo","upload_time":"2024-07-02T08:14:58.739786367Z","size":159}]
