[{"id":3,"name":"Dr. Bishwo Poudel","username":"bishwopoudel","email":"","position":"Economics and Land Management","mobile":"","about":"","category":"advisorycouncil","hierarchy":1,"status":1,"facebook":"","twitter":"","instagram":"","linkedin":"","image":"/assets/images/biswo-poudel.jpg"},{"id":7,"name":"Renuka Paudel","username":"","email":"","position":"Research and Campaign Coordinator","mobile":"","about":"","category":"managementteam","hierarchy":6,"status":1,"facebook":"","twitter":"","instagram":"","linkedin":"","image":"/assets/images/renuka-poudel.jpg"},{"id":8,"name":"Dinesh Sunar","username":"","email":"","position":"Communication and Logistics Coordinator","mobile":"","about":"","category":"managementteam","hierarchy":7,"status":1,"facebook":"","twitter":"","instagram":"","linkedin":"","image":"/assets/images/dinesh-sunar.jpg"},{"id":9,"name":"Bibekti Nepal (Bigyapti)","username":"","email":"","position":"Program Coordinator","mobile":"","about":"","category":"managementteam","hierarchy":8,"status":1,"facebook":"","twitter":"","instagram":"","linkedin":"","image":"/assets/images/bigyapti-nepal-3.jpg"},{"id":10,"name":"Rasmila Amgain","username":"","email":"","position":"Finance and Admin Officer","mobile":"","about":"","category":"managementteam","hierarchy":9,"status":1,"facebook":"","twitter":"","instagram":"","linkedin":"","image":"/assets/images/rasmila-amagain.jpg"},{"id":11,"name":"Sudip Pokhrel","username":"","email":"","position":"Public Health - Health Policy and Strategy","mobile":"","about":"","category":"advisorycouncil","hierarchy":2,"status":1,"facebook":"","twitter":"","instagram":"","linkedin":"","image":"/assets/images/sudip-pokhrel-2.jpg"},{"id":12,"name":"Santosh Mani Nepal","username":"","email":"","position":"Governance and Natural Recourses Management","mobile":"","about":"","category":"advisorycouncil","hierarchy":3,"status":1,"facebook":"","twitter":"","instagram":"","linkedin":"","image":"/assets/images/santosh-mani-nepal.jpg"},{"id":13,"name":"Dr. Purna Nepali","username":"","email":"","position":"Agriculture and Land Management","mobile":"","about":"","category":"advisorycouncil","hierarchy":4,"status":1,"facebook":"","twitter":"","instagram":"","linkedin":"","image":"/assets/images/purna-nepali.jpg"},{"id":14,"name":"Amit Aryal","username":"","email":"","position":"Public Health - Health Quality and Services","mobile":"","about":"","category":"advisorycouncil","hierarchy":5,"status":1,"facebook":"","twitter":"","instagram":"","linkedin":"","image":"/assets/images/amit-aryal.jpg"},{"id":15,"name":"Dr. Amit Bhandari","username":"","email":"","position":"Public Health","mobile":"","about":"","category":"advisorycouncil","hierarchy":6,"status":1,"facebook":"","twitter":"","instagram":"","linkedin":"","image":"/assets/images/amit-bhandari.jpg"},{"id":11,"name":"Samita Ghimire","username":"","email":"","position":"Public Health Officer","mobile":"","about":"","category":"fieldmember","hierarchy":1,"status":1,"facebook":"","twitter":"","instagram":"","linkedin":"","image":"/assets/images/Samita-Ghimire.jpeg"},{"id":12,"name":"Rasmila Khadka","username":"","email":"","position":"Office Assistant","mobile":"","about":"","category":"managementteam","hierarchy":20,"status":1,"facebook":"","twitter":"","instagram":"","linkedin":"","image":"/assets/images/rasmila-khadka.jpg"},{"id":13,"name":"Ruchesh Saud","username":"","email":"","position":"Public Health Officer","mobile":"","about":"","category":"fieldmember","hierarchy":2,"status":1,"facebook":"","twitter":"","instagram":"","linkedin":"","image":"/assets/images/ruchesh-saud.jpg"},{"id":14,"name":"Sangita Bhattarai","username":"","email":"","position":"Public Health Officer","mobile":"","about":"","category":"fieldmember","hierarchy":3,"status":1,"facebook":"","twitter":"","instagram":"","linkedin":"","image":"/assets/images/Sangita Bhattarai.jpg"},{"id":15,"name":"Susmita Shrestha","username":"","email":"","position":"Public Health Officer","mobile":"","about":"","category":"fieldmember","hierarchy":4,"status":1,"facebook":"","twitter":"","instagram":"","linkedin":"","image":"/assets/images/susmita-sharestha.jpg"}]
